waqas-badshah-14829310,nadish,web-developer-pakistan-9b685080,usman-ahmad-ab883057,asim-zahid-086289170,abdullah-khalid-web-designer
abdullah-khalid-web-designer,ziaukhan,mashhoodr,hammadkhan124
karardesigner,mudassar-ali-045,shahzeb-memon-901715100,abubakar-khalid-334942133,haq-nawaz-762461136,umber-nazir-21032887,ahsanayaz,webexperthere,afzal-murtaza-63799383
muazkhan,sharjeelabbas,raheelkhan,hamad765,midexigner
sharjeelabbas,karamat-subhani-483904120,usamaabid220,nafees-anwar-974760104,sameerahmedkhan,web-one-808113169,najamussaqib95,barkansaeed
imranihsan,mujtubarizvi,karamat-subhani-483904120,mirza-hassan-baig-06492259,irfan-nazar-99240922,shafiq-techmentors
nafees-anwar-974760104,yasir-amjad-839830171,nauman-hameed,badar,web-one-808113169,tayyab-abdullah,shamimrajani,muhammad-hanzala
ali-asghar-salim-5945199,ayesha-it-services-provider,mudassar-khalil-982059132,muhammad-ahsan-ashraf,hinajk,syed-mansoor-ali-60928224
danishejaz80,mjfolio,usama-zubair,adreshlaghari,nabeelahmadofficial,jamshaidali
iusmanghani,m-usama-afzal-445654116,muhammad-ibrahim-khan-67453973,saad-raza-356046120,adeela-azmat-a44820103,muhammad-muaz,zubair-hussain-bb287645
